fecha;indicativo;nombre;provincia;altitud;tmed;prec;tmin;horatmin;tmax;horatmax;dir;velmedia;racha;horaracha;sol;presMax;horaPresMax;presMin;horaPresMin;mes;
01/01/2020;9091R;VITORIA GASTEIZ AEROPUERTO;ARABA/ALAVA;513;0,5;0,0;-1,4;4:46;2,4;15:05;99;0,6;3,1;Varias;0,0;973,3;Varias;970,6;14;January;
02/01/2020;9091R;VITORIA GASTEIZ AEROPUERTO;ARABA/ALAVA;513;1,8;0,0;-1,7;8:21;5,2;14:24;21;4,7;7,8;13:25;4,3;970,7;0;967,8;14;January;
03/01/2020;9091R;VITORIA GASTEIZ AEROPUERTO;ARABA/ALAVA;513;0,6;0,2;-2,8;5:12;4,0;15:06;99;0,3;3,6;Varias;0,0;975,4;Varias;969,8;1;January;
04/01/2020;9091R;VITORIA GASTEIZ AEROPUERTO;ARABA/ALAVA;513;5,2;Ip;0,1;2:08;10,4;13:25;1;2,5;9,7;11:17;3,9;976,5;Varias;973,9;24;January;
05/01/2020;9091R;VITORIA GASTEIZ AEROPUERTO;ARABA/ALAVA;513;3,3;0,0;-3,1;23:58;9,7;14:00;99;0,8;4,2;Varias;7,9;973,9;0;967,5;24;January;
06/01/2020;9091R;VITORIA GASTEIZ AEROPUERTO;ARABA/ALAVA;513;3,8;0,0;-4,8;5:17;12,4;15:12;20;1,9;6,7;10:45;8,1;972,5;Varias;966,9;1;January;
07/01/2020;9091R;VITORIA GASTEIZ AEROPUERTO;ARABA/ALAVA;513;3,4;0,0;-2,6;0:49;9,3;15:25;24;0,8;3,1;10:37;3,4;973,5;Varias;970,5;15;January;
08/01/2020;9091R;VITORIA GASTEIZ AEROPUERTO;ARABA/ALAVA;513;7,4;0,0;-0,6;Varias;15,5;15:03;22;1,1;6,1;23:32;6,9;971,6;Varias;968,0;15;January;
09/01/2020;9091R;VITORIA GASTEIZ AEROPUERTO;ARABA/ALAVA;513;5,4;2,0;2,0;5:25;8,9;13:53;22;5,0;12,8;14:38;6,5;968,2;0;961,8;14;January;
10/01/2020;9091R;VITORIA GASTEIZ AEROPUERTO;ARABA/ALAVA;513;4,8;0,1;0,3;23:10;9,3;14:27;36;1,7;9,2;13:07;1,5;973,1;Varias;966,1;0;January;
11/01/2020;9091R;VITORIA GASTEIZ AEROPUERTO;ARABA/ALAVA;513;3,3;0,0;-3,7;23:04;10,3;14:57;99;1,7;3,6;Varias;6,1;973,3;Varias;969,4;15;January;
12/01/2020;9091R;VITORIA GASTEIZ AEROPUERTO;ARABA/ALAVA;513;0,6;0,0;-3,4;0:00;4,5;15:36;99;0,8;2,5;Varias;2,6;972,5;Varias;968,2;24;January;
13/01/2020;9091R;VITORIA GASTEIZ AEROPUERTO;ARABA/ALAVA;513;4,0;0,0;-2,3;3:49;10,2;14:48;99;3,3;15,0;Varias;5,8;968,2;0;959,6;19;January;
14/01/2020;9091R;VITORIA GASTEIZ AEROPUERTO;ARABA/ALAVA;513;8,4;0,0;4,6;Varias;12,3;13:36;20;8,1;17,5;15:59;5,4;959,9;Varias;957,3;15;January;
15/01/2020;9091R;VITORIA GASTEIZ AEROPUERTO;ARABA/ALAVA;513;7,0;0,0;1,5;23:21;12,4;15:33;22;4,2;9,2;13:54;3,1;964,7;Varias;958,2;1;January;
16/01/2020;9091R;VITORIA GASTEIZ AEROPUERTO;ARABA/ALAVA;513;9,0;0,1;3,4;0:00;14,6;14:14;99;4,4;12,8;Varias;6,0;964,6;Varias;960,9;18;January;
17/01/2020;9091R;VITORIA GASTEIZ AEROPUERTO;ARABA/ALAVA;513;5,4;0,0;-0,3;23:56;11,0;0:42;99;1,9;16,4;0:30;0,4;972,2;Varias;962,0;1;January;
18/01/2020;9091R;VITORIA GASTEIZ AEROPUERTO;ARABA/ALAVA;513;4,0;17,5;-1,3;1:01;9,4;12:09;99;3,3;9,7;Varias;1,9;970,8;0;958,5;17;January;
19/01/2020;9091R;VITORIA GASTEIZ AEROPUERTO;ARABA/ALAVA;513;4,4;0,1;2,3;23:51;6,6;11:55;2;7,5;19,7;Varias;3,6;972,9;Varias;961,4;0;January;
20/01/2020;9091R;VITORIA GASTEIZ AEROPUERTO;ARABA/ALAVA;513;1,8;0,0;0,1;7:38;3,4;13:16;2;5,3;15,3;Varias;1,2;973,3;1;970,8;15;January;
21/01/2020;9091R;VITORIA GASTEIZ AEROPUERTO;ARABA/ALAVA;513;2,6;0,2;0,5;2:01;4,7;23:52;5;5,3;11,7;8:21;0,0;971,4;0;964,8;24;January;
22/01/2020;9091R;VITORIA GASTEIZ AEROPUERTO;ARABA/ALAVA;513;6,6;0,7;3,6;7:59;9,7;14:17;99;1,4;6,7;Varias;1,1;964,8;0;960,0;22;January;
23/01/2020;9091R;VITORIA GASTEIZ AEROPUERTO;ARABA/ALAVA;513;5,0;Ip;2,2;1:54;7,9;14:19;99;1,4;5,8;Varias;0,6;960,9;Varias;958,2;14;January;
24/01/2020;9091R;VITORIA GASTEIZ AEROPUERTO;ARABA/ALAVA;513;4,8;0,0;-0,1;8:05;9,6;13:31;99;2,5;7,8;Varias;2,6;961,5;Varias;959,1;16;January;
25/01/2020;9091R;VITORIA GASTEIZ AEROPUERTO;ARABA/ALAVA;513;5,1;4,3;0,5;6:47;9,7;15:36;17;1,1;7,8;14:04;0,3;959,4;0;956,2;16;January;
26/01/2020;9091R;VITORIA GASTEIZ AEROPUERTO;ARABA/ALAVA;513;4,9;0,0;-0,8;7:33;10,6;14:23;22;2,8;10,8;18:34;7,0;962,6;Varias;958,4;0;January;
27/01/2020;9091R;VITORIA GASTEIZ AEROPUERTO;ARABA/ALAVA;513;8,9;0,0;6,7;0:02;11,1;Varias;23;7,2;16,4;23:18;0,1;961,5;0;955,3;16;January;
28/01/2020;9091R;VITORIA GASTEIZ AEROPUERTO;ARABA/ALAVA;513;8,0;0,0;1,1;23:09;14,8;14:03;22;3,1;13,3;0:03;7,7;961,2;Varias;955,8;1;January;
29/01/2020;9091R;VITORIA GASTEIZ AEROPUERTO;ARABA/ALAVA;513;8,6;4,9;1,3;0:00;15,9;13:05;99;3,1;11,7;Varias;1,5;962,7;Varias;959,5;16;January;
30/01/2020;9091R;VITORIA GASTEIZ AEROPUERTO;ARABA/ALAVA;513;12,6;0,0;10,5;22:49;14,6;12:02;99;8,1;16,4;Varias;4,6;962,0;Varias;959,5;6;January;
31/01/2020;9091R;VITORIA GASTEIZ AEROPUERTO;ARABA/ALAVA;513;11,0;0,3;4,1;7:07;17,9;12:53;23;4,2;15,0;23:42;7,7;963,0;Varias;958,7;24;January;
01/02/2020;9091R;VITORIA GASTEIZ AEROPUERTO;ARABA/ALAVA;513;14,4;0,0;9,8;8:14;19,1;14:10;22;4,4;13,3;0:00;7,0;965,6;Varias;958,6;1;February;
02/02/2020;9091R;VITORIA GASTEIZ AEROPUERTO;ARABA/ALAVA;513;13,4;0,0;7,6;23:59;19,2;13:12;26;6,1;13,9;12:50;7,0;970,0;Varias;964,9;4;February;
03/02/2020;9091R;VITORIA GASTEIZ AEROPUERTO;ARABA/ALAVA;513;12,4;0,0;2,8;6:51;22,1;14:58;24;1,7;9,7;18:59;9,1;970,4;Varias;965,8;16;February;
04/02/2020;9091R;VITORIA GASTEIZ AEROPUERTO;ARABA/ALAVA;513;7,2;Ip;2,5;23:55;11,9;9:31;99;3,3;8,9;Varias;1,4;974,3;Varias;969,4;0;February;
05/02/2020;9091R;VITORIA GASTEIZ AEROPUERTO;ARABA/ALAVA;513;4,4;0,0;-1,9;23:48;10,8;13:36;99;3,6;9,2;Varias;9,6;974,1;0;965,6;24;February;
06/02/2020;9091R;VITORIA GASTEIZ AEROPUERTO;ARABA/ALAVA;513;4,6;0,0;-3,8;2:57;12,9;14:42;23;3,9;8,3;10:30;9,0;965,6;0;961,9;15;February;
07/02/2020;9091R;VITORIA GASTEIZ AEROPUERTO;ARABA/ALAVA;513;6,0;0,0;0,3;Varias;11,6;14:26;99;5,0;9,2;Varias;9,2;964,3;Varias;961,6;15;February;
08/02/2020;9091R;VITORIA GASTEIZ AEROPUERTO;ARABA/ALAVA;513;4,5;3,8;0,6;1:52;8,4;15:05;99;1,4;6,7;Varias;0,0;966,3;Varias;962,0;4;February;
09/02/2020;9091R;VITORIA GASTEIZ AEROPUERTO;ARABA/ALAVA;513;8,0;Ip;3,4;4:20;12,7;13:51;99;5,6;11,7;Varias;4,2;968,2;Varias;965,2;0;February;
10/02/2020;9091R;VITORIA GASTEIZ AEROPUERTO;ARABA/ALAVA;513;11,3;0,0;4,7;23:35;17,9;14:03;22;5,6;14,4;11:42;7,9;969,1;9;966,4;15;February;
11/02/2020;9091R;VITORIA GASTEIZ AEROPUERTO;ARABA/ALAVA;513;7,8;1,3;3,2;1:24;12,4;13:03;99;1,7;7,8;Varias;0,1;968,5;Varias;965,9;15;February;
12/02/2020;9091R;VITORIA GASTEIZ AEROPUERTO;ARABA/ALAVA;513;8,2;Ip;3,0;23:04;13,4;14:55;23;1,1;5,0;15:44;2,1;966,2;0;961,1;24;February;
13/02/2020;9091R;VITORIA GASTEIZ AEROPUERTO;ARABA/ALAVA;513;9,2;0,0;1,3;2:39;17,2;Varias;99;6,7;12,8;Varias;7,4;966,0;Varias;959,7;4;February;
14/02/2020;9091R;VITORIA GASTEIZ AEROPUERTO;ARABA/ALAVA;513;9,8;0,0;2,9;23:40;16,7;15:02;6;2,2;5,8;15:30;8,0;967,3;Varias;964,5;17;February;
15/02/2020;9091R;VITORIA GASTEIZ AEROPUERTO;ARABA/ALAVA;513;8,0;0,0;-0,3;6:22;16,3;14:06;99;4,4;12,5;Varias;7,1;965,2;Varias;962,9;13;February;
16/02/2020;9091R;VITORIA GASTEIZ AEROPUERTO;ARABA/ALAVA;513;12,6;0,0;9,5;0:25;15,8;12:58;23;5,6;16,4;10:26;5,0;964,2;0;961,8;17;February;
17/02/2020;9091R;VITORIA GASTEIZ AEROPUERTO;ARABA/ALAVA;513;9,6;2,2;5,4;23:00;13,7;0:38;21;3,3;13,9;2:14;0,0;973,8;Varias;962,0;4;February;
18/02/2020;9091R;VITORIA GASTEIZ AEROPUERTO;ARABA/ALAVA;513;4,6;0,4;-0,2;23:39;9,5;13:28;99;1,7;7,8;Varias;3,1;974,7;Varias;972,4;16;February;
19/02/2020;9091R;VITORIA GASTEIZ AEROPUERTO;ARABA/ALAVA;513;5,2;0,0;-3,1;4:04;13,5;16:00;99;1,7;4,2;Varias;8,0;974,4;0;966,1;24;February;
20/02/2020;9091R;VITORIA GASTEIZ AEROPUERTO;ARABA/ALAVA;513;6,4;0,0;-4,1;Varias;16,8;14:57;23;2,5;9,7;12:01;10,3;970,9;Varias;963,8;4;February;
21/02/2020;9091R;VITORIA GASTEIZ AEROPUERTO;ARABA/ALAVA;513;7,2;0,0;-1,5;2:56;15,9;16:03;99;1,1;3,6;Varias;5,3;972,0;Varias;969,0;16;February;
22/02/2020;9091R;VITORIA GASTEIZ AEROPUERTO;ARABA/ALAVA;513;9,0;0,0;-1,8;3:18;19,8;15:00;3;1,9;9,2;Varias;8,5;974,6;Varias;970,3;3;February;
23/02/2020;9091R;VITORIA GASTEIZ AEROPUERTO;ARABA/ALAVA;513;9,0;0,0;-4,0;6:55;22,1;15:46;99;1,7;5,0;Varias;10,4;974,5;Varias;971,1;17;February;
24/02/2020;9091R;VITORIA GASTEIZ AEROPUERTO;ARABA/ALAVA;513;9,1;0,0;-4,0;6:46;22,2;14:13;4;3,3;7,8;17:33;9,8;971,5;0;961,3;24;February;
25/02/2020;9091R;VITORIA GASTEIZ AEROPUERTO;ARABA/ALAVA;513;8,2;0,2;1,3;1:33;15,2;12:14;36;2,5;10,3;17:44;4,5;961,4;Varias;958,4;14;February;
26/02/2020;9091R;VITORIA GASTEIZ AEROPUERTO;ARABA/ALAVA;513;5,6;0,6;1,3;Varias;10,0;13:06;35;2,5;9,7;15:40;2,1;963,3;Varias;959,7;24;February;
27/02/2020;9091R;VITORIA GASTEIZ AEROPUERTO;ARABA/ALAVA;513;9,8;Ip;3,5;0:30;16,0;13:56;21;3,9;11,7;8:50;2,4;962,9;Varias;956,7;4;February;
28/02/2020;9091R;VITORIA GASTEIZ AEROPUERTO;ARABA/ALAVA;513;9,5;0,0;1,1;6:47;17,9;14:22;22;2,2;10,3;14:31;8,2;962,9;1;951,7;24;February;
29/02/2020;9091R;VITORIA GASTEIZ AEROPUERTO;ARABA/ALAVA;513;11,1;0,0;6,0;23:15;16,2;13:35;20;6,7;25,3;6:15;0,4;952,2;Varias;946,3;5;February;
01/03/2020;9091R;VITORIA GASTEIZ AEROPUERTO;ARABA/ALAVA;513;12,5;13,8;7,4;0:00;17,6;14:04;99;7,5;18,1;Varias;6,0;950,9;0;937,5;24;March;
02/03/2020;9091R;VITORIA GASTEIZ AEROPUERTO;ARABA/ALAVA;513;7,7;4,3;2,6;21:23;12,8;2:32;22;6,7;30,0;3:12;5,5;956,1;Varias;929,9;3;March;
03/03/2020;9091R;VITORIA GASTEIZ AEROPUERTO;ARABA/ALAVA;513;11,0;3,3;3,5;0:01;18,5;13:01;29;6,7;23,6;13:46;7,1;959,0;Varias;948,0;11;March;
04/03/2020;9091R;VITORIA GASTEIZ AEROPUERTO;ARABA/ALAVA;513;12,6;Ip;6,9;0:32;18,2;15:03;99;4,2;14,4;Varias;2,9;959,0;Varias;953,3;24;March;
05/03/2020;9091R;VITORIA GASTEIZ AEROPUERTO;ARABA/ALAVA;513;8,3;2,2;2,3;23:06;14,3;12:10;21;6,7;18,9;5:14;4,6;954,7;Varias;946,3;9;March;
06/03/2020;9091R;VITORIA GASTEIZ AEROPUERTO;ARABA/ALAVA;513;4,0;18,9;1,2;8:43;6,8;Varias;29;7,5;20,0;14:12;3,0;964,6;Varias;951,4;4;March;
07/03/2020;9091R;VITORIA GASTEIZ AEROPUERTO;ARABA/ALAVA;513;5,6;1,1;-0,1;23:59;11,3;13:31;99;4,7;11,7;Varias;1,8;967,0;Varias;963,7;3;March;
08/03/2020;9091R;VITORIA GASTEIZ AEROPUERTO;ARABA/ALAVA;513;7,8;1,5;-0,5;0:26;16,0;14:22;25;3,9;10,8;21:34;4,8;965,7;Varias;961,8;16;March;
09/03/2020;9091R;VITORIA GASTEIZ AEROPUERTO;ARABA/ALAVA;513;6,6;0,8;2,5;23:58;10,8;15:44;33;3,6;13,3;14:23;2,4;968,6;Varias;965,5;1;March;
10/03/2020;9091R;VITORIA GASTEIZ AEROPUERTO;ARABA/ALAVA;513;9,8;0,0;0,7;6:13;18,9;14:27;99;1,7;9,2;16:09;9,4;967,3;1;964,5;15;March;
11/03/2020;9091R;VITORIA GASTEIZ AEROPUERTO;ARABA/ALAVA;513;12,4;0,0;1,1;4:24;23,8;16:00;21;1,4;6,7;Varias;9,0;966,8;0;960,7;16;March;
12/03/2020;9091R;VITORIA GASTEIZ AEROPUERTO;ARABA/ALAVA;513;10,4;0,0;7,9;2:17;12,8;11:13;35;3,1;9,7;20:46;0,0;964,5;Varias;961,5;16;March;
13/03/2020;9091R;VITORIA GASTEIZ AEROPUERTO;ARABA/ALAVA;513;5,8;0,0;-0,1;23:53;11,7;15:26;99;3,6;8,3;Varias;3,6;964,3;0;961,9;17;March;
14/03/2020;9091R;VITORIA GASTEIZ AEROPUERTO;ARABA/ALAVA;513;5,8;0,0;-3,6;5:03;15,3;15:12;99;1,9;5,8;Varias;10,8;964,5;Varias;959,3;24;March;
15/03/2020;9091R;VITORIA GASTEIZ AEROPUERTO;ARABA/ALAVA;513;8,6;23,6;-2,9;6:15;20,2;14:58;99;1,4;10,8;Varias;9,0;959,3;0;950,6;15;March;
16/03/2020;9091R;VITORIA GASTEIZ AEROPUERTO;ARABA/ALAVA;513;6,0;7,4;3,6;5:30;8,3;15:10;35;3,6;11,7;9:31;0,0;965,5;Varias;953,6;0;March;
17/03/2020;9091R;VITORIA GASTEIZ AEROPUERTO;ARABA/ALAVA;513;7,9;0,1;5,3;23:30;10,5;16:30;3;2,5;6,7;Varias;0,0;969,5;Varias;965,1;3;March;
18/03/2020;9091R;VITORIA GASTEIZ AEROPUERTO;ARABA/ALAVA;513;10,6;0,0;3,5;4:54;17,8;14:30;99;1,9;5,0;Varias;7,2;968,7;0;963,8;24;March;
19/03/2020;9091R;VITORIA GASTEIZ AEROPUERTO;ARABA/ALAVA;513;12,0;0,0;4,6;5:06;19,4;13:52;99;4,2;10,8;Varias;9,1;963,8;0;958,0;Varias;March;
20/03/2020;9091R;VITORIA GASTEIZ AEROPUERTO;ARABA/ALAVA;513;10,6;0,0;4,9;5:26;16,2;13:56;13;3,3;12,5;12:33;8,0;958,1;0;955,1;17;March;
21/03/2020;9091R;VITORIA GASTEIZ AEROPUERTO;ARABA/ALAVA;513;10,6;0,0;3,7;23:38;17,4;14:20;99;2,8;7,2;Varias;10,4;955,4;0;950,3;16;March;
22/03/2020;9091R;VITORIA GASTEIZ AEROPUERTO;ARABA/ALAVA;513;9,2;0,0;0,8;5:36;17,6;14:07;1;3,6;10,3;16:59;10,3;957,0;Varias;952,3;3;March;
23/03/2020;9091R;VITORIA GASTEIZ AEROPUERTO;ARABA/ALAVA;513;10,8;0,0;5,4;23:28;16,1;14:02;8;2,2;10,3;19:07;2,7;959,8;Varias;956,9;0;March;
24/03/2020;9091R;VITORIA GASTEIZ AEROPUERTO;ARABA/ALAVA;513;10,4;0,0;2,9;6:05;17,9;14:07;3;2,5;8,3;17:07;9,3;960,3;Varias;956,5;16;March;
25/03/2020;9091R;VITORIA GASTEIZ AEROPUERTO;ARABA/ALAVA;513;8,2;0,0;0,0;5:45;16,3;Varias;32;4,2;11,7;17:01;9,3;957,2;0;953,8;16;March;
26/03/2020;9091R;VITORIA GASTEIZ AEROPUERTO;ARABA/ALAVA;513;4,4;0,0;-2,0;23:56;10,7;13:15;2;5,3;14,4;Varias;3,3;955,1;0;951,8;14;March;
27/03/2020;9091R;VITORIA GASTEIZ AEROPUERTO;ARABA/ALAVA;513;4,5;0,0;-4,7;5:16;13,7;15:23;99;3,1;8,9;Varias;11,8;957,5;Varias;953,6;16;March;
28/03/2020;9091R;VITORIA GASTEIZ AEROPUERTO;ARABA/ALAVA;513;7,2;0,0;-2,3;Varias;16,7;13:53;2;3,3;8,9;17:47;11,5;961,3;Varias;957,5;0;March;
29/03/2020;9091R;VITORIA GASTEIZ AEROPUERTO;ARABA/ALAVA;513;5,2;0,5;-2,8;6:06;13,3;12:51;2;3,3;11,4;Varias;6,7;961,7;Varias;960,0;15;March;
30/03/2020;9091R;VITORIA GASTEIZ AEROPUERTO;ARABA/ALAVA;513;2,6;0,3;-1,4;22:24;6,7;14:36;99;3,9;12,5;Varias;5,3;961,4;1;955,2;24;March;
31/03/2020;9091R;VITORIA GASTEIZ AEROPUERTO;ARABA/ALAVA;513;4,0;0,3;-0,8;0:08;8,7;21:29;13;3,3;10,8;19:12;0,0;955,2;0;952,4;15;March;
01/04/2020;9091R;VITORIA GASTEIZ AEROPUERTO;ARABA/ALAVA;513;9,6;2,2;7,4;Varias;11,9;Varias;10;2,8;10,3;16:22;0,6;954,5;Varias;952,8;15;April;
02/04/2020;9091R;VITORIA GASTEIZ AEROPUERTO;ARABA/ALAVA;513;8,0;Ip;1,9;23:54;14,1;13:52;2;3,9;11,4;14:30;3,2;959,5;Varias;953,1;3;April;
03/04/2020;9091R;VITORIA GASTEIZ AEROPUERTO;ARABA/ALAVA;513;6,0;0,0;-2,7;5:55;14,7;15:29;7;1,9;8,9;13:23;12,1;960,1;Varias;956,5;17;April;
04/04/2020;9091R;VITORIA GASTEIZ AEROPUERTO;ARABA/ALAVA;513;8,2;0,0;-2,8;4:49;19,3;14:59;15;5,0;16,4;20:37;11,4;957,7;Varias;953,3;16;April;
05/04/2020;9091R;VITORIA GASTEIZ AEROPUERTO;ARABA/ALAVA;513;14,2;1,0;8,5;5:05;20,0;13:05;17;3,6;11,4;11:32;9,2;957,4;Varias;954,0;17;April;
06/04/2020;9091R;VITORIA GASTEIZ AEROPUERTO;ARABA/ALAVA;513;13,0;2,3;10,0;Varias;15,9;12:09;16;2,2;13,9;0:48;0,8;964,0;Varias;957,2;2;April;
07/04/2020;9091R;VITORIA GASTEIZ AEROPUERTO;ARABA/ALAVA;513;12,2;0,0;7,1;23:59;17,2;14:54;99;1,9;7,8;Varias;2,4;965,1;Varias;962,5;4;April;
08/04/2020;9091R;VITORIA GASTEIZ AEROPUERTO;ARABA/ALAVA;513;13,7;0,0;6,2;2:33;21,2;15:20;23;2,8;7,2;Varias;11,3;965,1;0;960,5;16;April;
09/04/2020;9091R;VITORIA GASTEIZ AEROPUERTO;ARABA/ALAVA;513;13,8;Ip;4,1;5:34;23,5;14:19;18;1,4;7,8;14:02;10,4;961,9;0;957,3;16;April;
10/04/2020;9091R;VITORIA GASTEIZ AEROPUERTO;ARABA/ALAVA;513;13,8;Ip;9,5;5:35;18,2;12:45;18;2,5;7,8;13:37;0,6;961,3;Varias;959,3;3;April;
11/04/2020;9091R;VITORIA GASTEIZ AEROPUERTO;ARABA/ALAVA;513;13,7;6,8;9,7;2:42;17,7;14:58;99;1,1;5,0;Varias;0,2;962,1;Varias;960,1;15;April;
12/04/2020;9091R;VITORIA GASTEIZ AEROPUERTO;ARABA/ALAVA;513;15,1;3,1;10,3;5:53;19,9;14:21;12;1,7;11,4;21:47;5,6;961,0;0;950,9;24;April;
13/04/2020;9091R;VITORIA GASTEIZ AEROPUERTO;ARABA/ALAVA;513;13,2;0,0;6,5;23:58;20,0;14:36;3;4,4;10,8;17:09;9,6;953,4;Varias;948,8;4;April;
14/04/2020;9091R;VITORIA GASTEIZ AEROPUERTO;ARABA/ALAVA;513;11,6;Ip;3,8;5:13;19,3;14:12;99;4,2;9,2;Varias;8,2;954,8;Varias;952,1;17;April;
15/04/2020;9091R;VITORIA GASTEIZ AEROPUERTO;ARABA/ALAVA;513;13,9;0,1;9,5;0:57;18,3;12:43;14;6,1;16,9;12:15;7,7;955,8;Varias;952,4;14;April;
16/04/2020;9091R;VITORIA GASTEIZ AEROPUERTO;ARABA/ALAVA;513;15,2;9,4;9,7;4:22;20,8;13:39;99;4,7;12,8;Varias;4,5;956,0;Varias;952,0;15;April;
17/04/2020;9091R;VITORIA GASTEIZ AEROPUERTO;ARABA/ALAVA;513;13,4;0,3;5,5;6:04;21,2;14:40;20;1,9;17,5;15:13;8,5;956,6;Varias;952,7;15;April;
18/04/2020;9091R;VITORIA GASTEIZ AEROPUERTO;ARABA/ALAVA;513;14,2;7,1;6,9;5:38;21,5;13:08;99;2,8;10,8;16:18;8,9;957,4;Varias;954,5;15;April;
19/04/2020;9091R;VITORIA GASTEIZ AEROPUERTO;ARABA/ALAVA;513;11,8;0,1;10,4;Varias;13,2;13:39;2;2,8;7,2;16:14;0,0;955,0;0;951,7;15;April;
20/04/2020;9091R;VITORIA GASTEIZ AEROPUERTO;ARABA/ALAVA;513;13,3;0,0;9,4;22:27;17,2;16:41;99;2,2;6,1;Varias;4,6;952,4;0;947,7;17;April;
21/04/2020;9091R;VITORIA GASTEIZ AEROPUERTO;ARABA/ALAVA;513;9,6;11,2;7,4;1:41;11,9;14:17;34;3,3;8,9;Varias;0,0;954,7;Varias;948,0;4;April;
22/04/2020;9091R;VITORIA GASTEIZ AEROPUERTO;ARABA/ALAVA;513;10,8;0,0;8,6;23:57;13,1;15:09;34;1,4;6,7;11:14;0,0;960,4;Varias;954,3;1;April;
23/04/2020;9091R;VITORIA GASTEIZ AEROPUERTO;ARABA/ALAVA;513;13,2;0,0;5,0;3:37;21,3;14:37;99;2,5;6,1;Varias;7,2;960,7;Varias;957,1;16;April;
24/04/2020;9091R;VITORIA GASTEIZ AEROPUERTO;ARABA/ALAVA;513;16,2;0,0;11,0;4:00;21,5;15:01;31;1,1;7,2;16:06;2,8;957,6;0;952,6;16;April;
25/04/2020;9091R;VITORIA GASTEIZ AEROPUERTO;ARABA/ALAVA;513;15,8;Ip;9,2;5:22;22,3;12:50;3;2,5;9,2;14:53;6,6;953,0;0;949,4;14;April;
26/04/2020;9091R;VITORIA GASTEIZ AEROPUERTO;ARABA/ALAVA;513;15,7;11,9;11,3;Varias;20,1;13:04;25;2,8;16,9;17:37;1,3;953,1;Varias;950,2;16;April;
27/04/2020;9091R;VITORIA GASTEIZ AEROPUERTO;ARABA/ALAVA;513;13,2;0,7;8,1;23:49;18,2;16:04;23;5,0;12,8;14:01;5,4;953,8;Varias;949,7;16;April;
28/04/2020;9091R;VITORIA GASTEIZ AEROPUERTO;ARABA/ALAVA;513;11,6;0,5;6,8;2:51;16,5;12:48;99;4,4;11,7;Varias;5,2;957,3;Varias;952,7;3;April;
29/04/2020;9091R;VITORIA GASTEIZ AEROPUERTO;ARABA/ALAVA;513;10,3;0,0;4,5;2:35;16,1;14:34;22;4,7;16,4;23:39;2,8;956,8;0;953,2;17;April;
30/04/2020;9091R;VITORIA GASTEIZ AEROPUERTO;ARABA/ALAVA;513;14,8;0,0;10,7;5:28;19,0;15:26;99;8,3;19,7;20:23;8,5;955,4;Varias;952,3;5;April;
01/05/2020;9091R;VITORIA GASTEIZ AEROPUERTO;ARABA/ALAVA;513;18,0;3,2;11,7;23:48;24,3;15:14;99;6,4;15,0;Varias;2,1;960,0;Varias;954,3;4;May;
02/05/2020;9091R;VITORIA GASTEIZ AEROPUERTO;ARABA/ALAVA;513;16,2;0,0;9,3;5:28;23,1;14:03;20;3,3;11,7;10:44;9,3;962,4;Varias;959,2;2;May;
03/05/2020;9091R;VITORIA GASTEIZ AEROPUERTO;ARABA/ALAVA;513;16,4;0,0;5,9;5:04;27,0;15:39;23;1,9;6,7;12:21;12,4;962,1;0;955,8;18;May;
04/05/2020;9091R;VITORIA GASTEIZ AEROPUERTO;ARABA/ALAVA;513;18,1;4,3;8,4;4:24;27,8;12:11;13;4,2;15,0;16:03;9,5;956,4;0;948,2;18;May;
05/05/2020;9091R;VITORIA GASTEIZ AEROPUERTO;ARABA/ALAVA;513;16,0;0,0;8,0;23:48;24,0;15:53;22;3,9;9,2;12:42;11,0;958,8;Varias;954,5;2;May;
06/05/2020;9091R;VITORIA GASTEIZ AEROPUERTO;ARABA/ALAVA;513;15,0;0,0;4,8;4:43;25,3;15:42;4;2,8;10,3;16:06;13,7;960,9;Varias;958,0;15;May;
07/05/2020;9091R;VITORIA GASTEIZ AEROPUERTO;ARABA/ALAVA;513;16,9;0,0;7,9;4:57;25,9;14:47;12;2,2;12,8;22:29;8,6;960,7;0;955,0;17;May;
08/05/2020;9091R;VITORIA GASTEIZ AEROPUERTO;ARABA/ALAVA;513;19,8;24,8;13,6;5:07;26,1;14:59;25;3,9;19,7;18:07;5,8;958,2;Varias;952,8;17;May;
09/05/2020;9091R;VITORIA GASTEIZ AEROPUERTO;ARABA/ALAVA;513;17,0;44,6;9,9;4:43;24,0;13:33;20;2,5;14,4;23:59;7,6;954,6;0;947,5;16;May;
10/05/2020;9091R;VITORIA GASTEIZ AEROPUERTO;ARABA/ALAVA;513;13,3;1,2;10,6;1:46;16,0;9:27;20;2,8;13,3;0:00;2,0;948,3;0;946,0;13;May;
11/05/2020;9091R;VITORIA GASTEIZ AEROPUERTO;ARABA/ALAVA;513;14,1;0,7;8,8;3:32;19,4;13:07;29;3,9;10,8;10:32;4,9;953,7;Varias;946,1;4;May;
12/05/2020;9091R;VITORIA GASTEIZ AEROPUERTO;ARABA/ALAVA;513;13,1;8,1;9,1;4:42;17,1;14:56;99;3,6;8,9;Varias;3,7;953,8;Varias;947,0;24;May;
13/05/2020;9091R;VITORIA GASTEIZ AEROPUERTO;ARABA/ALAVA;513;13,4;0,6;9,3;3:30;17,4;15:44;2;2,8;8,3;17:39;3,1;949,2;Varias;945,6;4;May;
14/05/2020;9091R;VITORIA GASTEIZ AEROPUERTO;ARABA/ALAVA;513;11,9;0,3;9,9;23:53;13,9;10:15;36;3,9;8,3;15:54;0,0;953,0;Varias;947,0;3;May;
15/05/2020;9091R;VITORIA GASTEIZ AEROPUERTO;ARABA/ALAVA;513;10,8;Ip;8,5;22:34;13,0;13:20;36;3,9;10,3;13:27;0,0;961,5;Varias;952,9;0;May;
16/05/2020;9091R;VITORIA GASTEIZ AEROPUERTO;ARABA/ALAVA;513;9,8;0,0;4,5;23:56;15,2;15:00;3;3,9;10,3;Varias;0,8;965,5;Varias;960,5;3;May;
17/05/2020;9091R;VITORIA GASTEIZ AEROPUERTO;ARABA/ALAVA;513;11,0;0,0;2,8;3:38;19,1;13:49;3;3,6;10,3;15:55;13,7;966,5;Varias;964,1;15;May;
18/05/2020;9091R;VITORIA GASTEIZ AEROPUERTO;ARABA/ALAVA;513;12,1;0,0;2,5;3:34;21,7;14:38;4;3,6;9,7;16:41;14,1;966,3;Varias;964,3;17;May;
19/05/2020;9091R;VITORIA GASTEIZ AEROPUERTO;ARABA/ALAVA;513;14,0;0,0;4,4;4:01;23,6;14:31;2;3,6;10,3;12:54;14,1;966,0;0;961,1;18;May;
20/05/2020;9091R;VITORIA GASTEIZ AEROPUERTO;ARABA/ALAVA;513;15,8;0,0;4,6;4:50;27,1;14:29;2;3,1;9,2;14:51;14,3;962,2;Varias;958,1;16;May;
21/05/2020;9091R;VITORIA GASTEIZ AEROPUERTO;ARABA/ALAVA;513;18,0;0,0;6,3;4:39;29,7;16:40;99;1,1;3,6;Varias;13,0;963,1;Varias;959,9;17;May;
22/05/2020;9091R;VITORIA GASTEIZ AEROPUERTO;ARABA/ALAVA;513;18,4;0,0;10,1;Varias;26,8;14:02;99;3,6;9,2;16:33;11,8;967,6;Varias;962,5;1;May;
23/05/2020;9091R;VITORIA GASTEIZ AEROPUERTO;ARABA/ALAVA;513;11,8;0,0;7,6;20:47;16,0;15:07;3;4,4;11,7;13:15;1,1;973,5;Varias;967,5;0;May;
24/05/2020;9091R;VITORIA GASTEIZ AEROPUERTO;ARABA/ALAVA;513;13,2;0,0;6,8;2:10;19,7;14:18;5;4,7;10,8;15:11;11,1;972,9;0;968,2;15;May;
25/05/2020;9091R;VITORIA GASTEIZ AEROPUERTO;ARABA/ALAVA;513;14,4;0,0;8,8;2:36;20,0;9:49;2;3,1;9,2;16:11;2,8;970,2;Varias;967,4;3;May;
26/05/2020;9091R;VITORIA GASTEIZ AEROPUERTO;ARABA/ALAVA;513;14,8;0,0;6,1;4:19;23,6;14:21;3;3,9;9,7;16:10;12,9;970,1;Varias;967,5;18;May;
27/05/2020;9091R;VITORIA GASTEIZ AEROPUERTO;ARABA/ALAVA;513;17,2;0,0;6,5;4:16;27,8;14:34;99;3,1;8,9;Varias;14,3;968,3;0;964,4;17;May;
28/05/2020;9091R;VITORIA GASTEIZ AEROPUERTO;ARABA/ALAVA;513;18,2;0,0;8,1;5:02;28,2;Varias;99;1,7;6,1;Varias;14,5;965,9;0;960,4;18;May;
29/05/2020;9091R;VITORIA GASTEIZ AEROPUERTO;ARABA/ALAVA;513;17,8;0,0;7,1;4:51;28,5;13:40;2;3,6;10,3;17:03;14,5;960,6;0;955,8;17;May;
30/05/2020;9091R;VITORIA GASTEIZ AEROPUERTO;ARABA/ALAVA;513;17,4;0,0;6,3;4:49;28,6;15:26;99;2,2;7,2;Varias;14,2;957,4;0;952,8;17;May;
31/05/2020;9091R;VITORIA GASTEIZ AEROPUERTO;ARABA/ALAVA;513;18,6;2,7;11,4;4:12;25,8;11:19;99;1,7;6,7;Varias;7,8;955,5;Varias;952,4;17;May;
01/06/2020;9091R;VITORIA GASTEIZ AEROPUERTO;ARABA/ALAVA;513;20,6;Ip;13,0;Varias;28,2;14:22;5;2,2;8,3;18:26;10,1;958,3;Varias;954,0;2;June;
02/06/2020;9091R;VITORIA GASTEIZ AEROPUERTO;ARABA/ALAVA;513;19,0;1,7;10,3;3:37;27,6;12:52;99;2,5;7,8;Varias;8,7;958,0;0;954,3;18;June;
03/06/2020;9091R;VITORIA GASTEIZ AEROPUERTO;ARABA/ALAVA;513;16,2;0,8;10,3;23:59;22,0;12:51;99;1,7;7,2;Varias;1,1;955,2;0;949,3;24;June;
04/06/2020;9091R;VITORIA GASTEIZ AEROPUERTO;ARABA/ALAVA;513;12,8;1,5;7,5;3:54;18,2;12:04;31;3,6;15,3;12:18;3,0;954,4;Varias;947,0;5;June;
05/06/2020;9091R;VITORIA GASTEIZ AEROPUERTO;ARABA/ALAVA;513;16,4;0,0;10,8;0:11;22,0;13:30;3;3,1;9,7;15:45;12,9;955,1;Varias;953,0;17;June;
06/06/2020;9091R;VITORIA GASTEIZ AEROPUERTO;ARABA/ALAVA;513;16,2;11,5;12,2;4:57;20,1;10:52;99;3,6;9,7;Varias;4,0;954,8;0;950,7;15;June;
07/06/2020;9091R;VITORIA GASTEIZ AEROPUERTO;ARABA/ALAVA;513;11,0;1,4;7,9;Varias;14,2;15:57;2;3,6;9,7;11:20;1,0;957,8;Varias;951,7;0;June;
08/06/2020;9091R;VITORIA GASTEIZ AEROPUERTO;ARABA/ALAVA;513;12,0;0,4;7,7;0:06;16,2;12:16;34;3,6;11,4;12:36;3,1;961,8;Varias;956,8;4;June;
09/06/2020;9091R;VITORIA GASTEIZ AEROPUERTO;ARABA/ALAVA;513;12,8;0,0;8,1;2:45;17,5;15:13;32;3,6;10,3;14:53;4,9;962,0;Varias;960,3;3;June;
10/06/2020;9091R;VITORIA GASTEIZ AEROPUERTO;ARABA/ALAVA;513;12,7;0,3;8,0;4:50;17,4;13:16;2;3,3;7,8;15:22;3,9;961,8;0;954,5;24;June;
11/06/2020;9091R;VITORIA GASTEIZ AEROPUERTO;ARABA/ALAVA;513;13,0;17,5;5,4;23:48;20,5;11:59;34;4,2;16,9;13:00;0,7;954,5;0;944,3;24;June;
12/06/2020;9091R;VITORIA GASTEIZ AEROPUERTO;ARABA/ALAVA;513;12,4;2,7;4,9;1:17;20,0;14:00;23;5,6;16,1;12:31;4,5;949,6;Varias;942,7;2;June;
13/06/2020;9091R;VITORIA GASTEIZ AEROPUERTO;ARABA/ALAVA;513;15,8;0,0;9,5;0:27;22,2;14:55;99;4,4;10,8;Varias;5,0;959,7;Varias;949,6;0;June;
14/06/2020;9091R;VITORIA GASTEIZ AEROPUERTO;ARABA/ALAVA;513;15,8;0,0;9,4;4:54;22,2;12:31;25;4,4;11,4;11:23;6,8;963,2;Varias;959,5;2;June;
15/06/2020;9091R;VITORIA GASTEIZ AEROPUERTO;ARABA/ALAVA;513;16,2;0,0;11,5;4:32;20,9;14:55;99;3,3;10,3;17:38;6,6;963,3;Varias;961,7;16;June;
16/06/2020;9091R;VITORIA GASTEIZ AEROPUERTO;ARABA/ALAVA;513;15,2;7,8;10,0;5:27;20,4;10:44;35;3,9;11,4;11:25;4,1;962,2;0;959,0;11;June;
17/06/2020;9091R;VITORIA GASTEIZ AEROPUERTO;ARABA/ALAVA;513;14,0;10,3;10,0;5:04;17,9;11:34;4;2,5;9,2;15:28;3,5;960,4;0;958,0;Varias;June;
18/06/2020;9091R;VITORIA GASTEIZ AEROPUERTO;ARABA/ALAVA;513;15,9;0,0;10,9;Varias;20,9;14:16;4;3,3;9,2;17:55;6,4;960,1;Varias;957,0;3;June;
19/06/2020;9091R;VITORIA GASTEIZ AEROPUERTO;ARABA/ALAVA;513;14,9;0,0;7,3;4:57;22,5;13:55;3;3,6;9,7;16:24;13,1;963,9;Varias;959,1;3;June;
20/06/2020;9091R;VITORIA GASTEIZ AEROPUERTO;ARABA/ALAVA;513;16,4;0,0;6,9;4:54;25,9;14:09;99;3,1;9,2;16:22;11,6;965,1;Varias;962,0;16;June;
21/06/2020;9091R;VITORIA GASTEIZ AEROPUERTO;ARABA/ALAVA;513;16,6;0,0;7,9;4:19;25,4;12:43;99;4,2;11,4;Varias;14,3;969,2;Varias;964,5;2;June;
22/06/2020;9091R;VITORIA GASTEIZ AEROPUERTO;ARABA/ALAVA;513;19,7;0,0;12,5;23:54;26,9;15:11;99;3,9;8,3;Varias;11,4;968,9;0;961,9;18;June;
23/06/2020;9091R;VITORIA GASTEIZ AEROPUERTO;ARABA/ALAVA;513;20,9;0,0;8,2;4:32;33,6;15:24;99;2,5;6,1;Varias;13,6;962,4;0;955,5;17;June;
24/06/2020;9091R;VITORIA GASTEIZ AEROPUERTO;ARABA/ALAVA;513;24,2;0,0;14,6;3:35;33,9;16:18;30;1,1;12,8;20:06;10,6;960,2;Varias;955,5;16;June;
25/06/2020;9091R;VITORIA GASTEIZ AEROPUERTO;ARABA/ALAVA;513;20,7;0,5;14,4;22:39;27,0;9:51;29;2,2;10,3;13:40;3,9;959,0;0;955,8;16;June;
26/06/2020;9091R;VITORIA GASTEIZ AEROPUERTO;ARABA/ALAVA;513;18,8;0,0;12,8;4:46;24,9;13:02;29;2,8;11,7;15:07;9,9;957,4;0;954,5;14;June;
27/06/2020;9091R;VITORIA GASTEIZ AEROPUERTO;ARABA/ALAVA;513;20,6;0,0;12,7;Varias;28,4;14:30;99;2,8;9,2;Varias;7,7;960,7;Varias;956,9;0;June;
28/06/2020;9091R;VITORIA GASTEIZ AEROPUERTO;ARABA/ALAVA;513;21,2;0,0;15,3;1:38;27,0;12:48;2;4,7;12,5;Varias;9,1;962,3;Varias;959,8;14;June;
29/06/2020;9091R;VITORIA GASTEIZ AEROPUERTO;ARABA/ALAVA;513;18,0;0,0;14,7;21:22;21,3;11:57;3;4,4;8,9;14:20;1,4;962,2;Varias;960,1;20;June;
30/06/2020;9091R;VITORIA GASTEIZ AEROPUERTO;ARABA/ALAVA;513;21,4;0,0;12,9;5:15;29,8;13:22;2;2,8;9,2;15:48;12,4;960,4;0;953,2;18;June;
01/07/2020;9091R;VITORIA GASTEIZ AEROPUERTO;ARABA/ALAVA;513;18,4;0,0;12,8;3:50;24,1;10:19;5;4,4;11,4;14:23;5,4;959,0;Varias;954,0;2;July;
02/07/2020;9091R;VITORIA GASTEIZ AEROPUERTO;ARABA/ALAVA;513;15,9;0,0;13,3;23:58;18,5;12:07;2;3,3;10,8;Varias;0,1;964,3;Varias;958,2;3;July;
03/07/2020;9091R;VITORIA GASTEIZ AEROPUERTO;ARABA/ALAVA;513;14,2;0,0;7,8;23:52;20,5;10:36;99;4,7;9,7;Varias;9,0;966,3;Varias;963,9;4;July;
04/07/2020;9091R;VITORIA GASTEIZ AEROPUERTO;ARABA/ALAVA;513;15,6;0,0;4,5;3:59;26,8;14:26;4;3,1;9,7;Varias;13,4;966,5;Varias;964,4;15;July;
05/07/2020;9091R;VITORIA GASTEIZ AEROPUERTO;ARABA/ALAVA;513;18,4;0,0;7,8;4:40;29,1;13:07;3;4,2;11,7;16:41;14,6;966,1;0;962,6;14;July;
06/07/2020;9091R;VITORIA GASTEIZ AEROPUERTO;ARABA/ALAVA;513;16,9;0,0;10,8;21:40;23,0;11:56;99;4,2;10,8;Varias;4,8;965,4;Varias;963,7;3;July;
07/07/2020;9091R;VITORIA GASTEIZ AEROPUERTO;ARABA/ALAVA;513;18,6;0,0;11,9;4:44;25,3;15:55;99;4,7;9,2;Varias;14,0;964,4;0;959,1;16;July;
08/07/2020;9091R;VITORIA GASTEIZ AEROPUERTO;ARABA/ALAVA;513;19,2;0,0;9,1;4:34;29,2;14:08;2;3,6;9,2;16:24;12,2;960,7;Varias;956,6;16;July;
09/07/2020;9091R;VITORIA GASTEIZ AEROPUERTO;ARABA/ALAVA;513;20,6;0,0;12,8;4:54;28,4;13:33;3;4,2;11,4;15:25;12,1;962,0;Varias;958,7;15;July;
10/07/2020;9091R;VITORIA GASTEIZ AEROPUERTO;ARABA/ALAVA;513;17,0;0,0;13,4;3:01;20,5;8:30;3;3,9;10,3;15:47;1,5;963,4;Varias;960,6;1;July;
11/07/2020;9091R;VITORIA GASTEIZ AEROPUERTO;ARABA/ALAVA;513;19,4;5,0;14,5;4:15;24,2;14:32;2;4,7;10,8;Varias;10,0;963,4;0;960,7;17;July;
12/07/2020;9091R;VITORIA GASTEIZ AEROPUERTO;ARABA/ALAVA;513;21,2;0,6;13,2;3:04;29,1;14:01;2;2,5;10,8;15:33;7,6;964,0;Varias;959,3;14;July;
13/07/2020;9091R;VITORIA GASTEIZ AEROPUERTO;ARABA/ALAVA;513;17,9;0,0;11,0;23:59;24,8;12:41;3;4,7;11,7;12:54;14,0;965,3;Varias;963,7;16;July;
14/07/2020;9091R;VITORIA GASTEIZ AEROPUERTO;ARABA/ALAVA;513;15,5;0,0;8,5;5:03;22,5;12:31;1;4,7;11,7;13:29;13,2;964,3;0;960,5;17;July;
15/07/2020;9091R;VITORIA GASTEIZ AEROPUERTO;ARABA/ALAVA;513;15,0;0,0;8,0;1:36;22,0;13:44;3;4,4;10,3;Varias;7,4;964,8;Varias;962,1;2;July;
16/07/2020;9091R;VITORIA GASTEIZ AEROPUERTO;ARABA/ALAVA;513;17,0;0,0;11,8;1:24;22,3;13:14;4;3,9;9,7;Varias;9,7;964,7;Varias;963,3;16;July;
17/07/2020;9091R;VITORIA GASTEIZ AEROPUERTO;ARABA/ALAVA;513;18,4;0,0;14,2;0:00;22,6;13:37;99;5,0;9,7;Varias;4,2;963,9;0;961,8;18;July;
18/07/2020;9091R;VITORIA GASTEIZ AEROPUERTO;ARABA/ALAVA;513;22,2;0,0;14,1;Varias;30,3;15:21;99;3,6;8,9;Varias;14,3;962,0;0;956,6;17;July;
19/07/2020;9091R;VITORIA GASTEIZ AEROPUERTO;ARABA/ALAVA;513;21,4;0,0;8,5;4:44;34,4;14:09;3;2,5;12,5;15:47;14,1;959,3;Varias;954,9;16;July;
20/07/2020;9091R;VITORIA GASTEIZ AEROPUERTO;ARABA/ALAVA;513;20,9;0,0;13,4;5:07;28,4;13:55;36;3,9;12,5;16:26;11,8;961,7;Varias;958,3;14;July;
21/07/2020;9091R;VITORIA GASTEIZ AEROPUERTO;ARABA/ALAVA;513;21,5;0,6;13,2;5:18;29,8;12:34;99;3,9;10,8;Varias;9,2;963,4;Varias;959,3;15;July;
22/07/2020;9091R;VITORIA GASTEIZ AEROPUERTO;ARABA/ALAVA;513;24,2;0,0;16,3;Varias;32,0;13:13;3;3,6;10,3;13:25;9,8;961,9;Varias;959,2;15;July;
23/07/2020;9091R;VITORIA GASTEIZ AEROPUERTO;ARABA/ALAVA;513;20,2;0,0;13,5;23:02;26,9;14:01;99;3,9;10,3;Varias;5,8;961,6;0;958,6;17;July;
24/07/2020;9091R;VITORIA GASTEIZ AEROPUERTO;ARABA/ALAVA;513;17,4;0,0;9,8;4:46;24,9;13:34;99;3,9;9,7;Varias;11,6;961,5;Varias;959,6;15;July;
25/07/2020;9091R;VITORIA GASTEIZ AEROPUERTO;ARABA/ALAVA;513;20,7;0,0;11,0;5:15;30,4;14:58;99;2,8;10,3;Varias;13,8;961,2;0;955,2;15;July;
26/07/2020;9091R;VITORIA GASTEIZ AEROPUERTO;ARABA/ALAVA;513;19,7;Ip;10,8;4:13;28,6;13:57;99;3,3;9,2;Varias;13,6;960,6;Varias;957,4;18;July;
27/07/2020;9091R;VITORIA GASTEIZ AEROPUERTO;ARABA/ALAVA;513;24,2;Ip;12,5;3:18;36,0;13:51;99;3,3;11,7;Varias;12,6;960,4;Varias;955,7;14;July;
28/07/2020;9091R;VITORIA GASTEIZ AEROPUERTO;ARABA/ALAVA;513;20,4;0,0;15,9;0:08;24,8;13:22;2;5,6;10,8;16:26;0,8;961,9;Varias;959,3;4;July;
29/07/2020;9091R;VITORIA GASTEIZ AEROPUERTO;ARABA/ALAVA;513;22,4;0,0;16,5;23:45;28,4;13:46;99;3,9;9,2;Varias;9,9;961,5;0;957,2;17;July;
30/07/2020;9091R;VITORIA GASTEIZ AEROPUERTO;ARABA/ALAVA;513;25,2;3,7;13,4;4:52;37,0;13:21;22;2,8;22,8;13:40;7,7;958,3;Varias;953,9;17;July;
31/07/2020;9091R;VITORIA GASTEIZ AEROPUERTO;ARABA/ALAVA;513;24,9;0,0;14,7;4:43;35,1;13:29;2;2,2;10,3;Varias;13,2;961,3;Varias;955,5;3;July;
01/08/2020;9091R;VITORIA GASTEIZ AEROPUERTO;ARABA/ALAVA;513;20,1;0,0;17,4;23:30;22,8;12:38;36;3,6;9,2;Varias;0,4;963,4;Varias;960,3;3;August;
02/08/2020;9091R;VITORIA GASTEIZ AEROPUERTO;ARABA/ALAVA;513;17,4;Ip;13,8;23:44;21,0;11:36;3;3,9;10,8;14:33;0,5;963,1;Varias;961,1;18;August;
03/08/2020;9091R;VITORIA GASTEIZ AEROPUERTO;ARABA/ALAVA;513;16,4;0,0;9,6;5:16;23,3;15:13;3;4,4;11,4;16:24;10,5;961,5;Varias;959,2;16;August;
04/08/2020;9091R;VITORIA GASTEIZ AEROPUERTO;ARABA/ALAVA;513;17,6;0,0;9,9;23:48;25,3;15:15;3;4,2;10,3;15:41;6,6;961,4;0;958,4;17;August;
05/08/2020;9091R;VITORIA GASTEIZ AEROPUERTO;ARABA/ALAVA;513;19,5;Ip;6,1;4:49;32,9;15:11;99;2,8;9,2;Varias;12,1;958,6;0;954,6;15;August;
06/08/2020;9091R;VITORIA GASTEIZ AEROPUERTO;ARABA/ALAVA;513;22,8;0,0;8,5;4:58;37,1;15:26;99;2,2;7,8;Varias;13,5;958,1;Varias;954,7;16;August;
07/08/2020;9091R;VITORIA GASTEIZ AEROPUERTO;ARABA/ALAVA;513;27,2;0,4;16,1;4:43;38,4;13:24;24;2,5;20,0;14:19;8,7;962,0;Varias;956,7;1;August;
08/08/2020;9091R;VITORIA GASTEIZ AEROPUERTO;ARABA/ALAVA;513;24,2;3,5;14,2;4:45;34,2;14:49;26;1,9;11,7;19:32;11,1;962,9;Varias;958,4;16;August;
09/08/2020;9091R;VITORIA GASTEIZ AEROPUERTO;ARABA/ALAVA;513;26,4;0,0;16,3;5:42;36,6;15:22;2;3,1;10,3;15:47;11,1;960,8;0;954,0;16;August;
10/08/2020;9091R;VITORIA GASTEIZ AEROPUERTO;ARABA/ALAVA;513;23,4;0,2;16,2;4:16;30,7;13:38;29;2,8;11,4;15:48;7,1;955,9;Varias;952,7;15;August;
11/08/2020;9091R;VITORIA GASTEIZ AEROPUERTO;ARABA/ALAVA;513;22,6;6,4;14,9;4:06;30,2;10:43;99;2,8;10,8;Varias;4,4;957,3;Varias;954,4;12;August;
12/08/2020;9091R;VITORIA GASTEIZ AEROPUERTO;ARABA/ALAVA;513;22,2;8,1;15,1;4:57;29,2;12:44;21;3,9;17,5;17:17;7,2;956,8;Varias;953,1;16;August;
13/08/2020;9091R;VITORIA GASTEIZ AEROPUERTO;ARABA/ALAVA;513;20,2;0,0;15,2;1:55;25,3;13:55;99;3,3;10,3;Varias;6,5;960,8;Varias;956,6;0;August;
14/08/2020;9091R;VITORIA GASTEIZ AEROPUERTO;ARABA/ALAVA;513;22,5;0,0;16,1;5:13;28,9;14:41;99;3,3;9,7;Varias;9,2;960,6;0;954,9;16;August;
15/08/2020;9091R;VITORIA GASTEIZ AEROPUERTO;ARABA/ALAVA;513;21,8;0,0;12,9;23:47;30,8;14:26;2;3,6;10,8;14:52;7,8;957,0;Varias;952,6;15;August;
16/08/2020;9091R;VITORIA GASTEIZ AEROPUERTO;ARABA/ALAVA;513;17,9;0,0;8,4;5:28;27,4;14:53;99;3,6;11,4;17:02;9,6;957,3;Varias;954,7;15;August;
17/08/2020;9091R;VITORIA GASTEIZ AEROPUERTO;ARABA/ALAVA;513;18,0;5,1;9,4;4:13;26,5;12:31;26;2,5;11,7;12:11;3,1;957,5;Varias;955,3;5;August;
18/08/2020;9091R;VITORIA GASTEIZ AEROPUERTO;ARABA/ALAVA;513;19,5;Ip;12,8;4:17;26,2;12:16;21;3,3;9,7;12:39;4,5;957,5;0;954,4;24;August;
19/08/2020;9091R;VITORIA GASTEIZ AEROPUERTO;ARABA/ALAVA;513;23,8;0,0;13,1;5:08;34,4;15:21;21;3,9;13,9;14:45;11,3;954,4;0;947,5;18;August;
20/08/2020;9091R;VITORIA GASTEIZ AEROPUERTO;ARABA/ALAVA;513;23,8;0,0;11,6;0:43;36,1;15:19;99;3,6;11,7;Varias;9,3;953,0;24;947,0;17;August;
21/08/2020;9091R;VITORIA GASTEIZ AEROPUERTO;ARABA/ALAVA;513;21,2;8,7;14,2;23:59;28,1;10:24;99;2,8;8,3;Varias;2,7;962,6;Varias;953,0;0;August;
22/08/2020;9091R;VITORIA GASTEIZ AEROPUERTO;ARABA/ALAVA;513;18,0;0,0;10,0;5:33;26,0;13:22;99;3,9;10,8;Varias;11,0;966,7;Varias;962,5;0;August;
23/08/2020;9091R;VITORIA GASTEIZ AEROPUERTO;ARABA/ALAVA;513;18,0;0,0;11,3;4:48;24,6;12:56;4;3,9;9,7;14:42;12,4;966,5;0;963,3;16;August;
24/08/2020;9091R;VITORIA GASTEIZ AEROPUERTO;ARABA/ALAVA;513;17,9;0,0;8,7;4:46;27,1;15:21;4;1,7;8,3;16:12;10,7;964,0;0;957,1;24;August;
25/08/2020;9091R;VITORIA GASTEIZ AEROPUERTO;ARABA/ALAVA;513;21,2;0,0;9,1;4:42;33,2;13:24;99;4,2;12,5;Varias;13,0;962,2;Varias;956,6;14;August;
26/08/2020;9091R;VITORIA GASTEIZ AEROPUERTO;ARABA/ALAVA;513;21,6;0,0;14,1;0:00;29,2;13:44;5;3,9;10,3;15:19;12,3;963,1;Varias;961,0;15;August;
27/08/2020;9091R;VITORIA GASTEIZ AEROPUERTO;ARABA/ALAVA;513;22,4;0,7;13,6;3:29;31,1;13:04;99;3,9;12,5;Varias;8,7;962,3;0;956,9;24;August;
28/08/2020;9091R;VITORIA GASTEIZ AEROPUERTO;ARABA/ALAVA;513;16,4;Ip;13,5;23:58;19,4;1:48;31;4,4;10,8;17:05;0,2;956,9;0;952,5;23;August;
29/08/2020;9091R;VITORIA GASTEIZ AEROPUERTO;ARABA/ALAVA;513;14,4;5,5;9,3;1:27;19,6;12:43;99;3,3;11,7;Varias;4,0;956,4;Varias;950,7;12;August;
30/08/2020;9091R;VITORIA GASTEIZ AEROPUERTO;ARABA/ALAVA;513;13,2;0,1;8,3;21:31;18,1;13:43;36;2,2;11,7;14:03;2,3;962,9;Varias;955,9;1;August;
31/08/2020;9091R;VITORIA GASTEIZ AEROPUERTO;ARABA/ALAVA;513;13,5;0,0;3,2;5:38;23,8;15:06;99;2,2;7,2;Varias;8,6;962,8;0;958,6;17;August;
01/09/2020;9091R;VITORIA GASTEIZ AEROPUERTO;ARABA/ALAVA;513;15,4;0,0;6,6;5:32;24,3;11:34;2;3,3;10,8;14:41;11,8;959,8;Varias;956,3;15;September;
02/09/2020;9091R;VITORIA GASTEIZ AEROPUERTO;ARABA/ALAVA;513;15,3;0,0;6,4;5:41;24,2;15:13;5;3,6;9,7;10:38;11,5;963,0;Varias;959,3;1;September;
03/09/2020;9091R;VITORIA GASTEIZ AEROPUERTO;ARABA/ALAVA;513;17,5;0,0;3,8;5:04;31,2;16:30;1;2,5;7,8;Varias;12,6;964,5;Varias;961,5;16;September;
04/09/2020;9091R;VITORIA GASTEIZ AEROPUERTO;ARABA/ALAVA;513;19,8;0,0;6,6;5:13;33,1;15:18;21;1,9;7,8;11:20;12,5;965,0;Varias;960,6;17;September;
05/09/2020;9091R;VITORIA GASTEIZ AEROPUERTO;ARABA/ALAVA;513;17,8;Ip;13,4;3:35;22,3;12:38;99;3,9;9,7;Varias;0,0;965,5;Varias;963,0;0;September;
06/09/2020;9091R;VITORIA GASTEIZ AEROPUERTO;ARABA/ALAVA;513;17,4;0,0;14,0;Varias;20,7;13:08;36;5,0;10,3;14:25;1,4;964,7;0;962,7;16;September;
07/09/2020;9091R;VITORIA GASTEIZ AEROPUERTO;ARABA/ALAVA;513;15,0;0,1;9,2;23:28;20,9;13:23;99;5,3;12,8;Varias;8,7;967,6;Varias;963,3;3;September;
08/09/2020;9091R;VITORIA GASTEIZ AEROPUERTO;ARABA/ALAVA;513;16,9;0,0;7,6;5:59;26,2;15:02;2;2,8;9,7;16:11;12,4;967,1;0;963,3;15;September;
09/09/2020;9091R;VITORIA GASTEIZ AEROPUERTO;ARABA/ALAVA;513;17,2;0,0;6,0;5:45;28,5;12:58;99;3,3;10,3;Varias;12,2;964,9;Varias;962,0;15;September;
10/09/2020;9091R;VITORIA GASTEIZ AEROPUERTO;ARABA/ALAVA;513;17,3;0,0;6,6;5:35;28,0;13:57;3;3,3;10,3;16:13;12,2;964,3;0;960,3;16;September;
11/09/2020;9091R;VITORIA GASTEIZ AEROPUERTO;ARABA/ALAVA;513;18,2;0,0;8,3;5:55;28,2;14:38;2;3,1;9,2;13:41;11,9;960,7;0;957,3;16;September;
12/09/2020;9091R;VITORIA GASTEIZ AEROPUERTO;ARABA/ALAVA;513;19,2;0,0;9,1;3:52;29,2;14:21;99;2,8;8,9;Varias;9,4;963,8;Varias;959,7;1;September;
13/09/2020;9091R;VITORIA GASTEIZ AEROPUERTO;ARABA/ALAVA;513;20,4;0,0;7,2;5:02;33,6;14:02;99;2,5;7,8;Varias;11,8;964,0;Varias;960,4;17;September;
14/09/2020;9091R;VITORIA GASTEIZ AEROPUERTO;ARABA/ALAVA;513;23,7;0,1;14,3;5:31;33,1;13:09;99;2,5;8,9;Varias;8,6;963,1;Varias;959,5;17;September;
15/09/2020;9091R;VITORIA GASTEIZ AEROPUERTO;ARABA/ALAVA;513;22,8;0,0;14,3;6:31;31,2;14:01;1;2,2;8,9;16:47;9,4;963,0;Varias;959,6;16;September;
16/09/2020;9091R;VITORIA GASTEIZ AEROPUERTO;ARABA/ALAVA;513;22,2;Ip;12,2;5:52;32,2;14:26;2;2,2;9,7;15:55;10,1;961,9;0;957,8;16;September;
17/09/2020;9091R;VITORIA GASTEIZ AEROPUERTO;ARABA/ALAVA;513;23,7;2,5;16,2;1:52;31,2;12:47;99;3,3;11,4;Varias;5,0;958,6;0;953,0;18;September;
18/09/2020;9091R;VITORIA GASTEIZ AEROPUERTO;ARABA/ALAVA;513;20,0;12,1;15,5;23:56;24,6;13:24;21;1,4;16,9;13:59;4,9;955,5;Varias;952,4;7;September;
19/09/2020;9091R;VITORIA GASTEIZ AEROPUERTO;ARABA/ALAVA;513;16,0;6,5;11,0;23:49;21,0;13:55;20;3,6;8,3;15:23;2,7;957,4;Varias;952,5;3;September;
20/09/2020;9091R;VITORIA GASTEIZ AEROPUERTO;ARABA/ALAVA;513;16,0;6,3;8,1;5:18;23,9;12:30;99;0,8;5,0;Varias;6,4;959,8;Varias;957,1;13;September;
21/09/2020;9091R;VITORIA GASTEIZ AEROPUERTO;ARABA/ALAVA;513;16,6;0,0;9,9;23:59;23,3;12:52;99;2,2;8,9;Varias;5,7;960,6;9;958,7;16;September;
22/09/2020;9091R;VITORIA GASTEIZ AEROPUERTO;ARABA/ALAVA;513;16,8;0,0;8,9;1:32;24,8;14:36;99;2,2;7,8;Varias;6,6;959,5;0;953,4;17;September;
23/09/2020;9091R;VITORIA GASTEIZ AEROPUERTO;ARABA/ALAVA;513;17,6;1,4;10,2;1:54;25,1;14:57;99;3,3;12,5;Varias;6,0;954,9;Varias;951,7;15;September;
24/09/2020;9091R;VITORIA GASTEIZ AEROPUERTO;ARABA/ALAVA;513;16,8;3,0;10,6;23:48;22,9;14:39;99;4,4;13,9;Varias;6,3;956,3;Varias;951,8;16;September;
25/09/2020;9091R;VITORIA GASTEIZ AEROPUERTO;ARABA/ALAVA;513;10,6;17,8;8,0;5:51;13,2;13:34;28;5,0;16,4;13:48;2,5;964,7;Varias;956,3;0;September;
26/09/2020;9091R;VITORIA GASTEIZ AEROPUERTO;ARABA/ALAVA;513;11,4;8,5;7,9;3:10;14,8;20:03;29;2,8;15,0;20:10;0,6;964,0;0;952,7;20;September;
27/09/2020;9091R;VITORIA GASTEIZ AEROPUERTO;ARABA/ALAVA;513;11,3;0,0;7,2;3:07;15,4;15:40;32;3,3;11,7;14:07;4,2;961,3;Varias;956,0;0;September;
28/09/2020;9091R;VITORIA GASTEIZ AEROPUERTO;ARABA/ALAVA;513;12,4;Ip;7,3;23:30;17,4;14:18;5;1,9;8,3;15:35;5,0;962,3;Varias;960,0;15;September;
29/09/2020;9091R;VITORIA GASTEIZ AEROPUERTO;ARABA/ALAVA;513;13,8;Ip;6,0;2:45;21,6;15:28;3;1,4;6,1;17:10;6,2;961,6;0;958,2;16;September;
30/09/2020;9091R;VITORIA GASTEIZ AEROPUERTO;ARABA/ALAVA;513;15,0;0,0;3,4;6:19;26,6;15:08;21;2,8;8,9;15:53;10,8;959,4;0;952,6;24;September;
01/10/2020;9091R;VITORIA GASTEIZ AEROPUERTO;ARABA/ALAVA;513;13,7;16,7;9,4;0:50;18,0;15:20;;1,9;;;2,2;953,8;9;937,5;24;October;
02/10/2020;9091R;VITORIA GASTEIZ AEROPUERTO;ARABA/ALAVA;513;11,0;17,0;6,8;23:00;15,2;0:50;22;5,8;21,1;0:50;3,6;940,3;24;933,0;5;October;
03/10/2020;9091R;VITORIA GASTEIZ AEROPUERTO;ARABA/ALAVA;513;10,9;0,7;6,4;7:00;15,4;15:00;28;4,2;15,0;13:50;1,7;948,7;22;940,1;0;October;
04/10/2020;9091R;VITORIA GASTEIZ AEROPUERTO;ARABA/ALAVA;513;11,5;1,4;7,4;0:00;15,6;13:21;30;4,7;16,1;11:55;3,7;952,9;Varias;945,3;4;October;
05/10/2020;9091R;VITORIA GASTEIZ AEROPUERTO;ARABA/ALAVA;513;13,9;0,1;8,3;5:28;19,5;14:28;23;3,1;9,2;13:03;6,1;959,9;Varias;952,9;0;October;
06/10/2020;9091R;VITORIA GASTEIZ AEROPUERTO;ARABA/ALAVA;513;16,6;0,0;10,6;0:00;22,7;11:58;20;3,6;10,8;9:31;4,5;963,1;Varias;959,2;2;October;
07/10/2020;9091R;VITORIA GASTEIZ AEROPUERTO;ARABA/ALAVA;513;16,9;1,1;12,9;3:26;20,9;14:05;99;3,1;8,3;Varias;3,6;967,1;Varias;963,0;0;October;
08/10/2020;9091R;VITORIA GASTEIZ AEROPUERTO;ARABA/ALAVA;513;16,4;0,1;10,3;Varias;22,6;13:34;22;1,7;6,7;10:16;5,7;966,4;0;962,2;14;October;
09/10/2020;9091R;VITORIA GASTEIZ AEROPUERTO;ARABA/ALAVA;513;14,8;0,4;11,6;0:00;17,9;13:02;99;2,8;6,7;Varias;0,0;966,9;Varias;963,2;3;October;
10/10/2020;9091R;VITORIA GASTEIZ AEROPUERTO;ARABA/ALAVA;513;12,6;1,5;9,2;23:19;15,9;13:24;3;2,2;9,7;14:26;2,0;969,4;Varias;966,4;3;October;
11/10/2020;9091R;VITORIA GASTEIZ AEROPUERTO;ARABA/ALAVA;513;9,8;3,6;7,3;6:19;12,4;15:01;99;3,3;10,3;Varias;0,9;969,5;Varias;967,4;15;October;
12/10/2020;9091R;VITORIA GASTEIZ AEROPUERTO;ARABA/ALAVA;513;12,0;5,7;8,5;Varias;15,6;15:02;99;2,8;9,7;Varias;4,1;967,7;0;959,5;24;October;
13/10/2020;9091R;VITORIA GASTEIZ AEROPUERTO;ARABA/ALAVA;513;12,2;3,7;8,0;4:28;16,5;13:49;33;3,6;9,2;15:33;4,1;959,5;Varias;955,0;24;October;
14/10/2020;9091R;VITORIA GASTEIZ AEROPUERTO;ARABA/ALAVA;513;7,4;17,5;4,3;22:11;10,4;14:01;29;3,6;11,4;12:52;0,8;958,4;Varias;953,7;4;October;
15/10/2020;9091R;VITORIA GASTEIZ AEROPUERTO;ARABA/ALAVA;513;6,8;7,2;4,2;21:17;9,4;11:19;2;2,8;10,8;12:27;1,2;962,0;22;957,9;3;October;
16/10/2020;9091R;VITORIA GASTEIZ AEROPUERTO;ARABA/ALAVA;513;6,6;Ip;0,8;23:07;12,5;12:58;29;2,8;8,3;Varias;1,1;961,8;1;958,7;24;October;
17/10/2020;9091R;VITORIA GASTEIZ AEROPUERTO;ARABA/ALAVA;513;9,4;0,0;0,4;0:09;18,5;14:12;22;2,5;8,3;Varias;7,4;961,0;Varias;957,0;14;October;
18/10/2020;9091R;VITORIA GASTEIZ AEROPUERTO;ARABA/ALAVA;513;11,3;0,0;1,3;2:56;21,3;13:57;99;1,4;4,2;Varias;9,2;963,0;Varias;959,6;16;October;
19/10/2020;9091R;VITORIA GASTEIZ AEROPUERTO;ARABA/ALAVA;513;11,8;0,6;1,6;5:07;21,9;14:58;99;1,9;12,5;20:08;8,9;960,4;0;951,6;21;October;
20/10/2020;9091R;VITORIA GASTEIZ AEROPUERTO;ARABA/ALAVA;513;15,2;11,0;12,6;6:41;17,7;17:21;14;5,6;23,6;19:21;0,0;951,7;0;939,7;22;October;
21/10/2020;9091R;VITORIA GASTEIZ AEROPUERTO;ARABA/ALAVA;513;13,9;1,0;7,1;23:57;20,7;11:25;19;3,1;17,5;0:34;3,1;952,7;Varias;940,2;0;October;
22/10/2020;9091R;VITORIA GASTEIZ AEROPUERTO;ARABA/ALAVA;513;13,6;6,4;6,8;0:17;20,5;12:30;22;3,1;12,5;14:35;4,8;956,0;Varias;952,0;14;October;
23/10/2020;9091R;VITORIA GASTEIZ AEROPUERTO;ARABA/ALAVA;513;12,5;0,3;7,4;21:44;17,6;14:26;30;4,2;11,4;15:11;6,8;964,0;Varias;955,9;0;October;
24/10/2020;9091R;VITORIA GASTEIZ AEROPUERTO;ARABA/ALAVA;513;10,5;0,0;6,2;3:13;14,8;Varias;21;5,6;16,4;23:58;7,0;963,9;2;955,8;24;October;
25/10/2020;9091R;VITORIA GASTEIZ AEROPUERTO;ARABA/ALAVA;513;11,9;10,9;7,0;23:58;16,8;11:31;21;7,2;22,2;0:03;0,7;955,8;0;948,6;15;October;
26/10/2020;9091R;VITORIA GASTEIZ AEROPUERTO;ARABA/ALAVA;513;8,5;Ip;3,9;22:44;13,1;13:18;27;4,2;11,7;13:22;3,2;959,0;Varias;952,4;2;October;
27/10/2020;9091R;VITORIA GASTEIZ AEROPUERTO;ARABA/ALAVA;513;9,2;0,0;4,2;0:07;14,2;11:22;22;5,8;13,3;18:45;1,7;958,7;0;956,2;16;October;
28/10/2020;9091R;VITORIA GASTEIZ AEROPUERTO;ARABA/ALAVA;513;11,4;Ip;5,4;23:41;17,5;13:53;3;1,9;12,5;17:50;2,1;965,9;Varias;957,9;1;October;
29/10/2020;9091R;VITORIA GASTEIZ AEROPUERTO;ARABA/ALAVA;513;11,6;0,0;3,8;1:39;19,4;14:37;99;3,1;7,8;Varias;9,6;967,7;Varias;964,9;15;October;
30/10/2020;9091R;VITORIA GASTEIZ AEROPUERTO;ARABA/ALAVA;513;11,6;0,0;2,3;Varias;20,9;14:19;21;3,3;11,4;Varias;9,7;966,9;Varias;964,7;15;October;
31/10/2020;9091R;VITORIA GASTEIZ AEROPUERTO;ARABA/ALAVA;513;12,8;0,0;4,2;3:31;21,3;13:52;22;2,5;11,7;13:38;9,1;966,3;Varias;963,5;16;October;
01/11/2020;9091R;VITORIA GASTEIZ AEROPUERTO;ARABA/ALAVA;513;17,7;0,0;14,0;6:26;21,4;12:34;25;5,8;10,8;17:53;7,7;964,9;Varias;962,0;24;November;
02/11/2020;9091R;VITORIA GASTEIZ AEROPUERTO;ARABA/ALAVA;513;16,0;3,0;10,5;23:58;21,6;14:52;22;5,3;12,5;11:21;3,5;966,5;Varias;961,4;4;November;
03/11/2020;9091R;VITORIA GASTEIZ AEROPUERTO;ARABA/ALAVA;513;7,7;0,3;3,8;23:32;11,6;11:21;2;2,2;11,7;14:44;0,3;971,5;Varias;966,4;0;November;
04/11/2020;9091R;VITORIA GASTEIZ AEROPUERTO;ARABA/ALAVA;513;7,2;0,1;3,5;0:42;10,8;10:53;5;3,9;11,4;13:08;3,1;969,3;0;963,7;15;November;
05/11/2020;9091R;VITORIA GASTEIZ AEROPUERTO;ARABA/ALAVA;513;11,6;0,0;6,3;3:30;16,8;12:53;16;2,5;16,1;23:46;6,8;967,2;2;961,2;24;November;
06/11/2020;9091R;VITORIA GASTEIZ AEROPUERTO;ARABA/ALAVA;513;14,8;19,5;12,9;1:08;16,6;Varias;12;5,0;18,1;21:44;0,0;962,2;Varias;955,3;24;November;
07/11/2020;9091R;VITORIA GASTEIZ AEROPUERTO;ARABA/ALAVA;513;13,2;0,1;9,8;23:46;16,5;14:52;9;2,2;16,4;1:57;1,3;961,7;Varias;953,4;7;November;
08/11/2020;9091R;VITORIA GASTEIZ AEROPUERTO;ARABA/ALAVA;513;11,6;0,0;5,6;6:58;17,6;14:00;99;2,2;8,3;Varias;6,8;962,0;Varias;959,5;14;November;
09/11/2020;9091R;VITORIA GASTEIZ AEROPUERTO;ARABA/ALAVA;513;12,2;0,0;6,4;23:57;17,9;13:48;22;2,8;8,9;14:00;6,8;965,8;Varias;959,7;3;November;
10/11/2020;9091R;VITORIA GASTEIZ AEROPUERTO;ARABA/ALAVA;513;10,6;0,6;4,2;23:59;17,1;14:34;4;1,1;5,0;15:02;4,8;968,9;Varias;965,7;0;November;
11/11/2020;9091R;VITORIA GASTEIZ AEROPUERTO;ARABA/ALAVA;513;7,4;0,1;1,6;6:20;13,2;15:22;99;4,4;10,3;13:37;8,6;967,2;0;961,9;15;November;
12/11/2020;9091R;VITORIA GASTEIZ AEROPUERTO;ARABA/ALAVA;513;11,0;0,0;3,8;6:16;18,3;14:11;99;2,5;8,3;Varias;7,7;963,6;Varias;960,4;16;November;
13/11/2020;9091R;VITORIA GASTEIZ AEROPUERTO;ARABA/ALAVA;513;9,6;0,0;7,2;5:03;12,1;13:16;99;4,7;9,7;Varias;6,2;962,8;Varias;960,1;15;November;
14/11/2020;9091R;VITORIA GASTEIZ AEROPUERTO;ARABA/ALAVA;513;10,2;0,0;5,4;1:05;14,9;14:14;21;4,4;9,7;11:19;4,8;961,0;0;958,2;15;November;
15/11/2020;9091R;VITORIA GASTEIZ AEROPUERTO;ARABA/ALAVA;513;14,4;5,8;10,3;0:00;18,5;13:31;22;4,2;10,3;13:40;0,2;963,0;Varias;956,5;13;November;
16/11/2020;9091R;VITORIA GASTEIZ AEROPUERTO;ARABA/ALAVA;513;8,7;0,1;3,2;23:42;14,2;12:27;3;1,7;7,2;13:26;3,5;967,9;Varias;962,6;0;November;
17/11/2020;9091R;VITORIA GASTEIZ AEROPUERTO;ARABA/ALAVA;513;10,0;Ip;2,2;2:49;17,7;14:11;24;1,9;7,2;23:55;5,3;967,6;Varias;964,5;17;November;
18/11/2020;9091R;VITORIA GASTEIZ AEROPUERTO;ARABA/ALAVA;513;12,0;0,0;5,3;23:44;18,8;15:00;99;3,1;8,3;Varias;9,0;970,3;Varias;965,4;4;November;
19/11/2020;9091R;VITORIA GASTEIZ AEROPUERTO;ARABA/ALAVA;513;8,4;0,1;4,0;3:05;12,8;10:14;99;2,5;9,7;15:05;0,0;977,5;Varias;970,1;0;November;
20/11/2020;9091R;VITORIA GASTEIZ AEROPUERTO;ARABA/ALAVA;513;6,7;0,0;0,8;23:57;12,6;12:48;36;3,3;8,9;11:52;5,1;976,8;0;972,4;24;November;
21/11/2020;9091R;VITORIA GASTEIZ AEROPUERTO;ARABA/ALAVA;513;6,0;0,0;-2,2;7:04;14,2;15:03;99;1,1;3,1;Varias;9,0;972,4;0;967,1;15;November;
22/11/2020;9091R;VITORIA GASTEIZ AEROPUERTO;ARABA/ALAVA;513;6,4;0,0;-2,9;4:30;15,7;15:20;22;1,1;6,7;5:47;9,0;969,0;Varias;966,3;15;November;
23/11/2020;9091R;VITORIA GASTEIZ AEROPUERTO;ARABA/ALAVA;513;5,3;0,0;-1,6;1:26;12,2;14:46;4;0,8;3,6;23:23;3,8;969,8;Varias;965,3;24;November;
24/11/2020;9091R;VITORIA GASTEIZ AEROPUERTO;ARABA/ALAVA;513;5,5;0,0;-1,7;4:03;12,7;13:12;99;3,6;6,7;Varias;7,9;965,3;0;957,5;24;November;
25/11/2020;9091R;VITORIA GASTEIZ AEROPUERTO;ARABA/ALAVA;513;7,0;0,0;1,2;0:50;12,9;14:53;12;1,9;11,4;22:23;7,0;957,5;0;953,1;15;November;
26/11/2020;9091R;VITORIA GASTEIZ AEROPUERTO;ARABA/ALAVA;513;10,9;0,0;8,4;5:10;13,4;14:18;12;4,4;11,7;15:34;0,7;955,6;Varias;953,5;0;November;
27/11/2020;9091R;VITORIA GASTEIZ AEROPUERTO;ARABA/ALAVA;513;9,0;0,0;3,7;23:58;14,4;11:41;14;3,3;11,4;4:44;0,1;955,6;0;949,9;24;November;
28/11/2020;9091R;VITORIA GASTEIZ AEROPUERTO;ARABA/ALAVA;513;8,4;0,0;0,6;6:00;16,1;13:28;12;1,7;6,7;15:29;5,9;952,3;Varias;946,8;14;November;
29/11/2020;9091R;VITORIA GASTEIZ AEROPUERTO;ARABA/ALAVA;513;7,4;0,0;-0,9;5:51;15,8;15:21;22;1,1;4,7;16:51;7,6;961,5;Varias;952,3;0;November;
30/11/2020;9091R;VITORIA GASTEIZ AEROPUERTO;ARABA/ALAVA;513;3,6;Ip;-0,7;2:38;8,0;19:20;35;0,6;5,0;21:39;0,7;967,0;Varias;961,5;0;November;
01/12/2020;9091R;VITORIA GASTEIZ AEROPUERTO;ARABA/ALAVA;513;5,0;0,2;-0,5;7:31;10,4;14:35;33;1,7;9,7;19:32;3,1;967,1;0;960,6;22;December;
02/12/2020;9091R;VITORIA GASTEIZ AEROPUERTO;ARABA/ALAVA;513;4,9;1,8;2,1;6:26;7,7;13:59;99;2,2;11,4;11:27;2,2;961,0;Varias;959,1;24;December;
03/12/2020;9091R;VITORIA GASTEIZ AEROPUERTO;ARABA/ALAVA;513;5,5;10,6;2,2;7:13;8,8;10:59;22;6,7;22,2;21:15;3,6;959,1;0;936,2;22;December;
04/12/2020;9091R;VITORIA GASTEIZ AEROPUERTO;ARABA/ALAVA;513;3,3;Ip;-0,6;21:49;7,2;12:06;25;4,4;11,7;12:39;4,1;937,4;Varias;933,5;12;December;
05/12/2020;9091R;VITORIA GASTEIZ AEROPUERTO;ARABA/ALAVA;513;2,4;4,2;-0,4;1:43;5,3;15:51;25;4,4;11,4;12:27;0,1;945,6;Varias;937,3;1;December;
06/12/2020;9091R;VITORIA GASTEIZ AEROPUERTO;ARABA/ALAVA;513;3,8;22,4;1,8;9:37;5,7;14:31;26;4,2;10,8;15:03;0,0;948,7;Varias;945,3;2;December;
07/12/2020;9091R;VITORIA GASTEIZ AEROPUERTO;ARABA/ALAVA;513;5,6;18,2;2,8;19:49;8,5;11:19;29;3,3;12,5;16:33;0,1;946,0;0;941,3;22;December;
08/12/2020;9091R;VITORIA GASTEIZ AEROPUERTO;ARABA/ALAVA;513;3,8;15,8;1,5;23:00;6,1;12:47;23;2,2;12,5;1:59;1,4;955,8;Varias;941,5;0;December;
09/12/2020;9091R;VITORIA GASTEIZ AEROPUERTO;ARABA/ALAVA;513;4,9;4,3;1,4;0:58;8,4;13:15;99;1,7;11,4;23:36;0,8;958,4;Varias;951,0;24;December;
10/12/2020;9091R;VITORIA GASTEIZ AEROPUERTO;ARABA/ALAVA;513;8,2;14,6;5,9;0:03;10,6;23:46;25;2,5;9,7;23:31;0,0;951,0;Varias;947,1;24;December;
11/12/2020;9091R;VITORIA GASTEIZ AEROPUERTO;ARABA/ALAVA;513;11,8;7,2;7,6;23:53;16,0;11:53;31;2,2;13,3;15:48;3,1;949,3;Varias;943,9;14;December;
12/12/2020;9091R;VITORIA GASTEIZ AEROPUERTO;ARABA/ALAVA;513;6,4;5,8;3,5;23:59;9,3;15:19;32;3,3;11,7;10:48;0,3;957,1;Varias;948,8;0;December;
13/12/2020;9091R;VITORIA GASTEIZ AEROPUERTO;ARABA/ALAVA;513;8,5;Ip;2,9;7:38;14,1;13:27;23;3,9;12,8;15:21;2,4;956,4;1;951,2;15;December;
14/12/2020;9091R;VITORIA GASTEIZ AEROPUERTO;ARABA/ALAVA;513;10,2;4,6;7,2;7:44;13,3;13:40;21;3,6;10,8;0:04;4,1;952,4;11;948,8;15;December;
15/12/2020;9091R;VITORIA GASTEIZ AEROPUERTO;ARABA/ALAVA;513;8,4;0,0;5,1;6:40;11,6;14:08;22;5,0;14,4;23:56;6,7;955,7;Varias;950,3;1;December;
16/12/2020;9091R;VITORIA GASTEIZ AEROPUERTO;ARABA/ALAVA;513;8,6;0,3;4,3;6:57;13,0;14:19;21;2,2;10,8;0:00;2,9;960,0;Varias;951,9;5;December;
17/12/2020;9091R;VITORIA GASTEIZ AEROPUERTO;ARABA/ALAVA;513;5,6;0,0;0,7;23:05;10,4;13:39;99;2,2;7,2;Varias;4,0;964,4;Varias;960,0;0;December;
18/12/2020;9091R;VITORIA GASTEIZ AEROPUERTO;ARABA/ALAVA;513;5,0;0,2;-0,9;1:51;10,9;13:39;23;3,1;9,2;23:34;7,7;964,2;0;957,7;23;December;
19/12/2020;9091R;VITORIA GASTEIZ AEROPUERTO;ARABA/ALAVA;513;5,6;0,2;2,4;23:13;8,8;12:09;21;4,2;8,9;6:41;1,0;960,8;24;956,3;5;December;
20/12/2020;9091R;VITORIA GASTEIZ AEROPUERTO;ARABA/ALAVA;513;7,0;0,7;3,7;0:00;10,2;12:49;99;3,3;10,3;Varias;4,1;965,0;Varias;960,5;1;December;
21/12/2020;9091R;VITORIA GASTEIZ AEROPUERTO;ARABA/ALAVA;513;11,2;0,2;8,2;19:03;14,2;15:00;99;4,2;11,7;Varias;3,4;967,3;Varias;964,2;0;December;
22/12/2020;9091R;VITORIA GASTEIZ AEROPUERTO;ARABA/ALAVA;513;10,8;0,0;7,3;22:47;14,4;13:26;22;5,3;9,7;12:24;6,7;967,1;0;962,8;24;December;
23/12/2020;9091R;VITORIA GASTEIZ AEROPUERTO;ARABA/ALAVA;513;9,7;3,7;6,5;21:41;12,9;11:43;22;4,2;12,8;12:08;1,4;965,1;24;961,3;4;December;
24/12/2020;9091R;VITORIA GASTEIZ AEROPUERTO;ARABA/ALAVA;513;5,8;3,5;2,1;7:47;9,4;11:54;34;2,8;10,8;23:45;3,7;966,3;Varias;964,1;15;December;
25/12/2020;9091R;VITORIA GASTEIZ AEROPUERTO;ARABA/ALAVA;513;3,6;4,0;1,2;8:32;5,9;13:17;34;2,8;12,8;13:35;3,7;971,1;Varias;966,3;0;December;
26/12/2020;9091R;VITORIA GASTEIZ AEROPUERTO;ARABA/ALAVA;513;3,5;0,1;1,3;23:56;5,7;12:18;99;2,2;6,1;Varias;0,5;971,1;Varias;962,6;24;December;
27/12/2020;9091R;VITORIA GASTEIZ AEROPUERTO;ARABA/ALAVA;513;3,4;11,1;0,0;1:01;6,9;19:12;23;8,3;25,3;20:05;0,0;962,6;0;933,4;24;December;
28/12/2020;9091R;VITORIA GASTEIZ AEROPUERTO;ARABA/ALAVA;513;5,0;1,1;0,7;4:41;9,3;14:41;26;5,3;14,4;11:45;3,6;941,9;Varias;933,2;0;December;
29/12/2020;9091R;VITORIA GASTEIZ AEROPUERTO;ARABA/ALAVA;513;4,4;6,9;1,4;21:32;7,5;14:28;29;5,0;13,3;Varias;2,4;950,4;24;940,5;5;December;
30/12/2020;9091R;VITORIA GASTEIZ AEROPUERTO;ARABA/ALAVA;513;3,1;0,4;0,4;3:42;5,8;13:54;24;3,6;9,7;23:24;0,5;956,0;Varias;950,2;0;December;
31/12/2020;9091R;VITORIA GASTEIZ AEROPUERTO;ARABA/ALAVA;513;5,0;0,8;2,8;Varias;7,2;14:42;99;4,7;11,4;Varias;0,0;954,6;0;948,3;15;December;
